provincia,pct_pbg_aporte,pct_coparticipacion_recibe,pct_coparticipacion_entre_provincias,diferencia_pp
Chaco,0.015123659535288766,0.02831388,0.0481856364874064,3.306197695211763
Formosa,0.0052170723683484495,0.02066148,0.03516249149081007,2.994541912246162
Tucumán,0.018964349578305815,0.02700204,0.04595309734513275,2.6988747766826933
Santiago del Estero,0.015859595036634505,0.02344914,0.03990663716814159,2.404704213150709
Corrientes,0.012666715143074088,0.02109876,0.03590667120490129,2.32399560618272
Catamarca,0.006526205987637165,0.01563276,0.02660442477876106,2.00782187911239
Entre Ríos,0.027608567917609045,0.02771262,0.047162389380530974,1.955382146292193
San Juan,0.013125834924467263,0.01918566,0.03265088495575221,1.952505003128495
Misiones,0.012790936065982035,0.01874838,0.03190670524166099,1.9115769175678956
Salta,0.018844868670845352,0.02175468,0.03702294077603812,1.8178072105192769
Jujuy,0.010342922297797,0.0161247,0.02744162695711368,1.7098704659316681
La Rioja,0.005480691580070972,0.0117519,0.019999829816201495,1.4519138236130522
San Luis,0.009493096287740194,0.01295442,0.02204632402995235,1.2553227742212154
Río Negro,0.014407946932075743,0.01432092,0.024371885636487404,0.9963938704411661
La Pampa,0.010470878574224084,0.0106587,0.018139380530973453,0.7668501956749368
Mendoza,0.0333270459238112,0.02366778,0.0402787270251872,0.6951681101375999
Santa Fe,0.08177044613618568,0.05072448,0.08632484683458135,0.4554400698395661
Tierra del Fuego,0.008296846150239533,0.007,0.011912865895166781,0.3616019744927248
Santa Cruz,0.01356147035380205,0.00897608,0.015275833900612663,0.17143635468106141
Córdoba,0.08561905000132894,0.05039652,0.08576671204901293,0.01476620476839885
Chubut,0.018733109471759858,0.00897608,0.015275833900612663,-0.3457275571147195
Neuquén,0.04369969641560903,0.00985064,0.0167641933287951,-2.693550308681393
Buenos Aires,0.3184817431589742,0.12463838,0.2121143294758339,-10.636741368314032
CABA,0.19898366077408136,0.014,0.023825731790333562,-17.51579289837478
