provincia,anio,monto_nominal,ipc_promedio_anual,monto_real_base2016
Buenos Aires,2003,2787.1198,7.653077498020883,33193.30895116928
Buenos Aires,2004,4317.3949,7.991015812794148,49243.71474740488
Buenos Aires,2005,5400.0342,8.761482615541864,56175.88584356806
Buenos Aires,2006,6474.5877,9.716291739580807,60735.49764766777
Buenos Aires,2007,8503.3083,11.106101241563518,69784.23469035763
Buenos Aires,2008,10273.2629,13.653147441222185,68581.44710804129
Buenos Aires,2009,10421.852,15.910716092970967,59701.63128489249
Buenos Aires,2010,13594.2681,19.483390889436,63594.90306816598
Buenos Aires,2011,22560.748,24.21800377386727,84907.52366419527
Buenos Aires,2012,22948.8338,29.88753368002769,69984.45179194749
Buenos Aires,2013,30301.6645,37.23351772253574,74176.00497148023
Buenos Aires,2014,42020.29788,51.93104780620227,73750.176531144
Buenos Aires,2015,48131.9741,67.13852387024468,65342.0730249042
Buenos Aires,2016,63573.1919,91.14461668244357,63573.1919
Buenos Aires,2017,91194.2099,112.88710833333333,73629.85399936471
Buenos Aires,2018,159762.1114,151.581675,96063.43513443065
Buenos Aires,2019,278598.6884,232.75109166666667,109098.39554615566
Buenos Aires,2020,377235.68866000004,330.5416833333333,104020.17045208771
Buenos Aires,2021,608809.79829,490.55485833333336,113116.26978109022
Buenos Aires,2022,1161021.5583,845.8674583333333,125103.36442048784
Buenos Aires,2023,2506180.8118000003,1975.006925,115657.76632829086
Buenos Aires,2024,7539515.5994,6317.741325,108770.87616096988
Buenos Aires,2025,10239896.924,8966.166533333333,104092.58812402826
CABA,2003,311.5191,7.653077498020883,3710.0485348674993
CABA,2004,516.97,7.991015812794148,5896.500969361386
CABA,2005,638.5745,8.761482615541864,6643.011300671679
CABA,2006,743.6139,9.716291739580807,6975.542284217272
CABA,2007,951.589,11.106101241563518,7809.42049399323
CABA,2008,1119.2312,13.653147441222185,7471.67633999414
CABA,2009,1078.3163,15.910716092970967,6177.140315472673
CABA,2010,1376.0722,19.483390889436,6437.358563922829
CABA,2011,2565.5692,24.21800377386727,9655.536578890491
CABA,2012,2300.5594,29.88753368002769,7015.754692676874
CABA,2013,3046.7674,37.23351772253574,7458.2382696945215
CABA,2014,4291.89509,51.93104780620227,7532.7409968529755
CABA,2015,4292.2839,67.13852387024468,5827.035630300911
CABA,2016,23133.2724,91.14461668244357,23133.2724
CABA,2017,32243.3138,112.88710833333333,26033.127433781312
CABA,2018,50254.9521,151.581675,30217.82379399794
CABA,2019,73881.0554,232.75109166666667,28931.59566431268
CABA,2020,85158.9833,330.5416833333333,23482.009323821887
CABA,2021,53545.9429,490.55485833333336,9948.784234044317
CABA,2022,106439.2455,845.8674583333333,11469.130459494476
CABA,2023,229083.059,1975.006925,10571.956653264193
CABA,2024,726367.8828,6317.741325,10479.144181840034
CABA,2025,871055.1257,8966.166533333333,8854.618665184305
Catamarca,2003,349.5743,7.653077498020883,4163.268382395596
Catamarca,2004,541.5089,7.991015812794148,6176.388869311213
Catamarca,2005,677.2989,8.761482615541864,7045.856429645245
Catamarca,2006,833.9433,9.716291739580807,7822.885978583362
Catamarca,2007,1108.7254,11.106101241563518,9098.994272706852
Catamarca,2008,1372.9253,13.653147441222185,9165.267623516354
Catamarca,2009,1454.561,15.910716092970967,8332.459960416296
Catamarca,2010,1944.3135,19.483390889436,9095.629691651186
Catamarca,2011,2829.6802,24.21800377386727,10649.520066604386
Catamarca,2012,3284.3429,29.88753368002769,10015.887489379744
Catamarca,2013,4334.8773,37.23351772253574,10611.426318034668
Catamarca,2014,5970.77852,51.93104780620227,10479.36335758224
Catamarca,2015,7611.7963,67.13852387024468,10333.474971376576
Catamarca,2016,10048.8574,91.14461668244357,10048.8574
Catamarca,2017,13920.5511,112.88710833333333,11239.399367653228
Catamarca,2018,23482.4476488,151.581675,14119.77199562826
Catamarca,2019,34582.2843899,232.75109166666667,13542.316953919137
Catamarca,2020,46990.357939,330.5416833333333,12957.270982981847
Catamarca,2021,77346.96803999999,490.55485833333336,14370.991610411656
Catamarca,2022,147613.099254,845.8674583333333,15905.729929985577
Catamarca,2023,323818.724314,1975.006925,14943.913931946036
Catamarca,2024,974264.868003,6317.741325,14055.497585809264
Catamarca,2025,1341362.10195,8966.166533333333,13635.474442736897
Chaco,2003,633.1451,7.653077498020883,7540.465578558542
Chaco,2004,980.7749,7.991015812794148,11186.606860311655
Chaco,2005,1226.7162,8.761482615541864,12761.37643973729
Chaco,2006,1506.3094,9.716291739580807,14130.081367244413
Chaco,2007,1998.7075,11.106101241563518,16402.824446266164
Chaco,2008,2468.1206,13.653147441222185,16476.48697719662
Chaco,2009,2598.0639,15.910716092970967,14883.022039882144
Chaco,2010,3453.1404,19.483390889436,16154.023696117036
Chaco,2011,5125.0852,24.21800377386727,19288.29189971968
Chaco,2012,5844.5068,29.88753368002769,17823.328538477163
Chaco,2013,7678.5041,37.23351772253574,18796.352203527676
Chaco,2014,10577.44806,51.93104780620227,18564.567626382726
Chaco,2015,13412.5887,67.13852387024468,18208.402349497752
Chaco,2016,17702.8017,91.14461668244357,17702.8017
Chaco,2017,24603.6384,112.88710833333333,19864.882926576713
Chaco,2018,42968.994397,151.581675,25836.846858597062
Chaco,2019,63319.458648,232.75109166666667,24795.706631000605
Chaco,2020,85839.514937,330.5416833333333,23669.66128519975
Chaco,2021,140801.139902,490.55485833333336,26160.715171428717
Chaco,2022,268020.278376,845.8674583333333,28879.94483655345
Chaco,2023,586339.17625,1975.006925,27058.97320598305
Chaco,2024,1764871.20161,6317.741325,25461.395281901172
Chaco,2025,2433229.7449,8966.166533333333,24734.739375488858
Chubut,2003,200.72,7.653077498020883,2390.4824516975186
Chubut,2004,310.9258,7.991015812794148,3546.384279744403
Chubut,2005,388.8942,8.761482615541864,4045.6181156085504
Chubut,2006,474.4804,9.716291739580807,4450.909394286908
Chubut,2007,628.8789,11.106101241563518,5161.03041323504
Chubut,2008,770.2992,13.653147441222185,5142.303312627824
Chubut,2009,802.6611,15.910716092970967,4598.048124165093
Chubut,2010,1066.2936,19.483390889436,4988.193379399789
Chubut,2011,1624.757,24.21800377386727,6114.783668789125
Chubut,2012,1795.4811,29.88753368002769,5475.474770587377
Chubut,2013,2354.2295,37.23351772253574,5762.961935507055
Chubut,2014,3247.95584,51.93104780620227,5700.51448110677
Chubut,2015,4026.4604,67.13852387024468,5466.16411248931
Chubut,2016,5313.354,91.14461668244357,5313.354
Chubut,2017,7421.4839,112.88710833333333,5992.077530084898
Chubut,2018,12947.461052100001,151.581675,7785.1849480124965
Chubut,2019,18956.8845393,232.75109166666667,7423.4580918843785
Chubut,2020,25864.732365,330.5416833333333,7132.0236928320355
Chubut,2021,42425.470294,490.55485833333336,7882.611214282356
Chubut,2022,81442.901854,845.8674583333333,8775.703566626
Chubut,2023,177688.85961100002,1975.006925,8200.165170552567
Chubut,2024,541206.493279,6317.741325,7807.862943164096
Chubut,2025,728125.4338400001,8966.166533333333,7401.68201397576
Corrientes,2003,471.8031,7.653077498020883,5618.9569111523
Corrientes,2004,730.8477,7.991015812794148,8335.965668231307
Corrientes,2005,914.1167,8.761482615541864,9509.442622955823
Corrientes,2006,1116.6491,9.716291739580807,10474.835144532884
Corrientes,2007,1478.85,11.106101241563518,12136.50168039131
Corrientes,2008,1815.189,13.653147441222185,12117.697133458774
Corrientes,2009,1894.734,15.910716092970967,10853.993191512362
Corrientes,2010,2511.8751,19.483390889436,11750.721136935628
Corrientes,2011,3819.0789,24.21800377386727,14373.12858940576
Corrientes,2012,4253.8519,29.88753368002769,12972.488964804574
Corrientes,2013,5593.552,37.23351772253574,13692.559395878507
Corrientes,2014,7730.72427,51.93104780620227,13568.258874658395
Corrientes,2015,9627.6735,67.13852387024468,13070.150490605683
Corrientes,2016,12755.8399,91.14461668244357,12755.8399
Corrientes,2017,17824.9688,112.88710833333333,14391.811187644613
Corrientes,2018,31497.523412,151.581675,18939.160672508944
Corrientes,2019,46462.859463,232.75109166666667,18194.713869657313
Corrientes,2020,63198.714395,330.5416833333333,17426.61482287737
Corrientes,2021,103383.056204,490.55485833333336,19208.471527908656
Corrientes,2022,197086.90311599997,845.8674583333333,21236.67255509766
Corrientes,2023,430047.07837,1975.006925,19846.247431987318
Corrientes,2024,1295657.7353700001,6317.741325,18692.159359965815
Corrientes,2025,1775079.7083899998,8966.166533333333,18044.384855056032
Córdoba,2003,1126.9493,7.653077498020883,13421.445424485864
Córdoba,2004,1745.7037,7.991015812794148,19911.297675431375
Córdoba,2005,2183.4601,8.761482615541864,22714.26453587751
Córdoba,2006,2670.6603,9.716291739580807,25052.387871488667
Córdoba,2007,3537.1084,11.106101241563518,29028.043439379395
Córdoba,2008,4356.7011,13.653147441222185,29084.125361494967
Córdoba,2009,4555.2298,15.910716092970967,26094.65668266586
Córdoba,2010,6061.7466,19.483390889436,28357.25944310196
Córdoba,2011,9122.2558,24.21800377386727,34331.66977483825
Córdoba,2012,10262.5445,29.88753368002769,31296.51628846455
Córdoba,2013,13466.8463,37.23351772253574,32965.74213271222
Córdoba,2014,18559.33436,51.93104780620227,32573.643082192415
Córdoba,2015,23673.0396,67.13852387024468,32137.58652514211
Córdoba,2016,35701.3796,91.14461668244357,35701.3796
Córdoba,2017,47944.2215,112.88710833333333,38709.97986636652
Córdoba,2018,78784.378009,151.581675,47372.29572238888
Córdoba,2019,112061.894457,232.75109166666667,43883.095635999896
Córdoba,2020,147450.508703,330.5416833333333,40658.472964250686
Córdoba,2021,242371.14717,490.55485833333336,45032.32396626881
Córdoba,2022,463607.280609,845.8674583333333,49954.99881926619
Córdoba,2023,1014210.32357,1975.006925,46804.80357159492
Córdoba,2024,3069566.48147,6317.741325,44283.93724000091
Córdoba,2025,4151853.42459,8966.166533333333,42205.22644756879
Entre Ríos,2003,619.6999,7.653077498020883,7380.339459290091
Entre Ríos,2004,959.9477,7.991015812794148,10949.054188030703
Entre Ríos,2005,1200.6663,8.761482615541864,12490.382561839931
Entre Ríos,2006,1476.1746,9.716291739580807,13847.398954198568
Entre Ríos,2007,1959.8406,11.106101241563518,16083.854843425035
Entre Ríos,2008,2424.2295,13.653147441222185,16183.482195515837
Entre Ríos,2009,2559.2348,15.910716092970967,14660.589346410368
Entre Ríos,2010,3413.7646,19.483390889436,15969.821047926545
Entre Ríos,2011,5016.2513,24.21800377386727,18878.694800380745
Entre Ríos,2012,5782.3816,29.88753368002769,17633.872372540525
Entre Ríos,2013,7580.8677,37.23351772253574,18557.346254141714
Entre Ríos,2014,10438.78258,51.93104780620227,18321.19468176485
Entre Ríos,2015,13341.7967,67.13852387024468,18112.297917463267
Entre Ríos,2016,17599.1915,91.14461668244357,17599.1915
Entre Ríos,2017,24432.6302,112.88710833333333,19726.81156423363
Entre Ríos,2018,41646.466556199994,151.581675,25041.62347093113
Entre Ríos,2019,61385.137549,232.75109166666667,24038.23239598559
Entre Ríos,2020,83306.408976,330.5416833333333,22971.174578461076
Entre Ríos,2021,136966.509866,490.55485833333336,25448.244631563604
Entre Ríos,2022,260723.52087699997,845.8674583333333,28093.69852961842
Entre Ríos,2023,572409.2219479999,1975.006925,26416.119589021804
Entre Ríos,2024,1722848.75469,6317.741325,24855.147001138943
Entre Ríos,2025,2363381.9318999997,8966.166533333333,24024.708826945694
Formosa,2003,462.0248,7.653077498020883,5502.501876489915
Formosa,2004,715.7006,7.991015812794148,8163.199569941245
Formosa,2005,895.1713,8.761482615541864,9312.35597716
Formosa,2006,1103.2857,9.716291739580807,10349.478475217114
Formosa,2007,1467.5407,11.106101241563518,12043.689469244779
Formosa,2008,1820.1736,13.653147441222185,12150.972937318007
Formosa,2009,1927.177,15.910716092970967,11039.84307920754
Formosa,2010,2580.7109,19.483390889436,12072.739652122897
Formosa,2011,3739.927,24.21800377386727,14075.239892527625
Formosa,2012,4346.0997,29.88753368002769,13253.806602479619
Formosa,2013,5696.4711,37.23351772253574,13944.49696430021
Formosa,2014,7843.41964,51.93104780620227,13766.051461837995
Formosa,2015,10100.2397,67.13852387024468,13711.687758230479
Formosa,2016,13330.9015,91.14461668244357,13330.9015
Formosa,2017,18497.353,112.88710833333333,14934.691602221017
Formosa,2018,31610.257069,151.581675,19006.94634616953
Formosa,2019,46814.830798,232.75109166666667,18332.544769534365
Formosa,2020,63309.886913,330.5416833333333,17457.269887123875
Formosa,2021,104085.46771000001,490.55485833333336,19338.978904158525
Formosa,2022,197772.280122,845.8674583333333,21310.52387054833
Formosa,2023,434229.019753,1975.006925,20039.239891667927
Formosa,2024,1298880.2825099998,6317.741325,18738.650314360242
Formosa,2025,1788419.3409600002,8966.166533333333,18179.987477732873
Jujuy,2003,360.5749,7.653077498020883,4294.280445260002
Jujuy,2004,558.5494,7.991015812794148,6370.75087246111
Jujuy,2005,698.6125,8.761482615541864,7267.579166237445
Jujuy,2006,856.0237,9.716291739580807,8030.013311534549
Jujuy,2007,1134.6031,11.106101241563518,9311.365202506806
Jujuy,2008,1400.2203,13.653147441222185,9347.481455386069
Jujuy,2009,1467.517,15.910716092970967,8406.678471188381
Jujuy,2010,1955.0301,19.483390889436,9145.762669256674
Jujuy,2011,2918.7261,24.21800377386727,10984.644897636123
Jujuy,2012,3323.1174,29.88753368002769,10134.133677820348
Jujuy,2013,4354.3592,37.23351772253574,10659.116421370538
Jujuy,2014,6006.96654,51.93104780620227,10542.877254388357
Jujuy,2015,7608.1348,67.13852387024468,10328.5042631342
Jujuy,2016,10036.9783,91.14461668244357,10036.9783
Jujuy,2017,14023.8566,112.88710833333333,11322.807830654028
Jujuy,2018,24360.7213542,151.581675,14647.869605190579
Jujuy,2019,35919.631154,232.75109166666667,14066.017862527411
Jujuy,2020,48735.843183,330.5416833333333,13438.57664429781
Jujuy,2021,80038.82378400001,490.55485833333336,14871.135795681555
Jujuy,2022,152655.06508600002,845.8674583333333,16449.016042432904
Jujuy,2023,333904.290524,1975.006925,15409.352839830299
Jujuy,2024,1002408.33324,6317.741325,14461.516955578576
Jujuy,2025,1375777.53554,8966.166533333333,13985.320889471863
La Pampa,2003,238.3461,7.653077498020883,2838.5919165032983
La Pampa,2004,369.2106,7.991015812794148,4211.174073541016
La Pampa,2005,461.7947,8.761482615541864,4803.992972926867
La Pampa,2006,569.2024,9.716291739580807,5339.458298826788
La Pampa,2007,756.8688,11.106101241563518,6211.407149498431
La Pampa,2008,938.7714,13.653147441222185,6266.976883813795
La Pampa,2009,996.2343,15.910716092970967,5706.933168112823
La Pampa,2010,1331.2602,19.483390889436,6227.725005475451
La Pampa,2011,1929.3274,24.21800377386727,7261.036374834749
La Pampa,2012,2249.2904,29.88753368002769,6859.405446776571
La Pampa,2013,2942.0224,37.23351772253574,7201.8310468920345
La Pampa,2014,4046.23037,51.93104780620227,7101.572790496747
La Pampa,2015,5220.3501,67.13852387024468,7086.9417643471625
La Pampa,2016,6868.1301,91.14461668244357,6868.1301
La Pampa,2017,9412.6602,112.88710833333333,7599.745609196084
La Pampa,2018,15754.7476,151.581675,9473.179597274195
La Pampa,2019,23879.411,232.75109166666667,9351.10442065965
La Pampa,2020,32440.1328,330.5416833333333,8945.14555431077
La Pampa,2021,53541.7772,490.55485833333336,9948.010251026384
La Pampa,2022,101942.3706,845.8674583333333,10984.579440311178
La Pampa,2023,223862.4866,1975.006925,10331.032399157619
La Pampa,2024,675741.905,6317.741325,9748.774718548517
La Pampa,2025,922421.2911,8966.166533333333,9376.77598162771
La Rioja,2003,262.7919,7.653077498020883,3129.7300986361556
La Rioja,2004,407.0784,7.991015812794148,4643.0898895604805
La Rioja,2005,509.1583,8.761482615541864,5296.71062770402
La Rioja,2006,625.9159,9.716291739580807,5871.464784095496
La Rioja,2007,831.2649,11.106101241563518,6821.9547998108765
La Rioja,2008,1029.5263,13.653147441222185,6872.831365951654
La Rioja,2009,1085.892,15.910716092970967,6220.537750796545
La Rioja,2010,1447.1057,19.483390889436,6769.658067938978
La Rioja,2011,2127.2072,24.21800377386727,8005.758305205419
La Rioja,2012,2454.508,29.88753368002769,7485.234251814113
La Rioja,2013,3210.6385,37.23351772253574,7859.381366248902
La Rioja,2014,4421.87428,51.93104780620227,7760.868561185109
La Rioja,2015,5679.3118,67.13852387024468,7710.010098397359
La Rioja,2016,7517.586,91.14461668244357,7517.586
La Rioja,2017,10436.1435,112.88710833333333,8426.102085472632
La Rioja,2018,17664.3318078,151.581675,10621.394384073315
La Rioja,2019,26062.2275059,232.75109166666667,10205.88869811986
La Rioja,2020,35351.9751,330.5416833333333,9748.066225606513
La Rioja,2021,58183.688062,490.55485833333336,10810.472785040418
La Rioja,2022,110847.62239,845.8674583333333,11944.145567207077
La Rioja,2023,243534.18181500002,1975.006925,11238.861681763823
La Rioja,2024,732880.903161,6317.741325,10573.106044744938
La Rioja,2025,1005307.2314800001,8966.166533333333,10219.344233757913
Mendoza,2003,529.2506,7.653077498020883,6303.130090924585
Mendoza,2004,819.837,7.991015812794148,9350.967493700466
Mendoza,2005,1025.4211,8.761482615541864,10667.328487509578
Mendoza,2006,1245.4417,9.716291739580807,11682.986615604474
Mendoza,2007,1644.4285,11.106101241563518,13495.35737467178
Mendoza,2008,2011.6186,13.653147441222185,13429.006534764343
Mendoza,2009,2084.1262,15.910716092970967,11938.927356057648
Mendoza,2010,2759.5606,19.483390889436,12909.41061164815
Mendoza,2011,4284.0963,24.21800377386727,16123.224636520978
Mendoza,2012,4653.1893,29.88753368002769,14190.302874765508
Mendoza,2013,6117.5612,37.23351772253574,14975.291208327337
Mendoza,2014,8445.97875,51.93104780620227,14823.607999391721
Mendoza,2015,10268.2456,67.13852387024468,13939.765953477716
Mendoza,2016,13552.6616,91.14461668244357,13552.6616
Mendoza,2017,19076.854,112.88710833333333,15402.578478693487
Mendoza,2018,33750.367562,151.581675,20293.774391463
Mendoza,2019,49654.300656,232.75109166666667,19444.472494279067
Mendoza,2020,67835.86009900001,330.5416833333333,18705.276150639475
Mendoza,2021,110854.946962,490.55485833333336,20596.74158060936
Mendoza,2022,212618.633435,845.8674583333333,22910.260529660078
Mendoza,2023,462652.88585,1975.006925,21350.97320624563
Mendoza,2024,1409814.14148,6317.741325,20339.067858034356
Mendoza,2025,1896119.31398,8966.166533333333,19274.800151702697
Misiones,2003,419.2447,7.653077498020883,4993.010653234311
Misiones,2004,649.4321,7.991015812794148,7407.348602790104
Misiones,2005,812.2851,8.761482615541864,8450.101121587575
Misiones,2006,982.7182,9.716291739580807,9218.483352139983
Misiones,2007,1294.7047,11.106101241563518,10625.27353494981
Misiones,2008,1573.676,13.653147441222185,10505.423487137079
Misiones,2009,1612.3605,15.910716092970967,9236.415185067384
Misiones,2010,2118.9458,19.483390889436,9912.571369524294
Misiones,2011,3393.6375,24.21800377386727,12771.977078904938
Misiones,2012,3637.7686,29.88753368002769,11093.689702740376
Misiones,2013,4788.6724,37.23351772253574,11722.279736454419
Misiones,2014,6634.55679,51.93104780620227,11644.36615527391
Misiones,2015,7953.8736,67.13852387024468,10797.865645865077
Misiones,2016,10525.538,91.14461668244357,10525.538
Misiones,2017,14822.0995,112.88710833333333,11967.306075087303
Misiones,2018,27048.485239,151.581675,16263.996416119482
Misiones,2019,39908.566015000004,232.75109166666667,15628.072572018382
Misiones,2020,54402.267989,330.5416833333333,15001.054670350377
Misiones,2021,88932.829918,490.55485833333336,16523.633505334037
Misiones,2022,170540.237509,845.8674583333333,18376.19407574525
Misiones,2023,371474.48620000004,1975.006925,17143.180220498052
Misiones,2024,1123665.2281600002,6317.741325,16210.86259020485
Misiones,2025,1517906.26176,8966.166533333333,15430.115409262015
Neuquén,2003,220.2766,7.653077498020883,2623.3925210222883
Neuquén,2004,341.22,7.991015812794148,3891.9164763245294
Neuquén,2005,426.785,8.761482615541864,4439.791407200198
Neuquén,2006,519.966,9.716291739580807,4877.591475032027
Neuquén,2007,686.9481,11.106101241563518,5637.587835136503
Neuquén,2008,842.8265,13.653147441222185,5626.475404518808
Neuquén,2009,877.0925,15.910716092970967,5024.4287711766165
Neuquén,2010,1165.1211,19.483390889436,5450.515090045556
Neuquén,2011,1783.0608,24.21800377386727,6710.561062545396
Neuquén,2012,1975.2146,29.88753368002769,6023.587610471554
Neuquén,2013,2589.8993,37.23351772253574,6339.862397738355
Neuquén,2014,3580.9275,51.93104780620227,6284.91582864115
Neuquén,2015,4462.6982,67.13852387024468,6058.383374566565
Neuquén,2016,5879.9766,91.14461668244357,5879.9766
Neuquén,2017,8214.1001,112.88710833333333,6632.032798599498
Neuquén,2018,14340.2300251,151.581675,8622.64365910858
Neuquén,2019,21096.973413800002,232.75109166666667,8261.510359377136
Neuquén,2020,28715.258845,330.5416833333333,7918.036944603222
Neuquén,2021,47000.975587999994,490.55485833333336,8732.735658196732
Neuquén,2022,89949.630349,845.8674583333333,9692.327678666086
Neuquén,2023,195637.733383,1975.006925,9028.487947107138
Neuquén,2024,593663.5905,6317.741325,8564.649549725851
Neuquén,2025,804127.53138,8966.166533333333,8174.273290480824
Río Negro,2003,320.2394,7.653077498020883,3813.9032784084416
Río Negro,2004,496.0676,7.991015812794148,5658.090574441024
Río Negro,2005,620.4626,8.761482615541864,6454.59545197018
Río Negro,2006,760.7381,9.716291739580807,7136.177502552208
Río Negro,2007,1009.2789,11.106101241563518,8282.865108586735
Río Negro,2008,1245.5248,13.653147441222185,8314.777303416786
Río Negro,2009,1311.8043,15.910716092970967,7514.677490770018
Río Negro,2010,1748.8785,19.483390889436,8181.371580092607
Río Negro,2011,2592.2245,24.21800377386727,9755.853975969978
Río Negro,2012,2972.3083,29.88753368002769,9064.311012272676
Río Negro,2013,3896.9667,37.23351772253574,9539.456860955375
Río Negro,2014,5365.42471,51.93104780620227,9416.901818666072
Río Negro,2015,6811.3333,67.13852387024468,9246.797917760072
Río Negro,2016,8985.4198,91.14461668244357,8985.4198
Río Negro,2017,12504.0511,112.88710833333333,10095.72272080835
Río Negro,2018,21326.4451419,151.581675,12823.3882338194
Río Negro,2019,31422.8716056,232.75109166666667,12305.10055633059
Río Negro,2020,42654.326957,330.5416833333333,11761.639987846369
Río Negro,2021,70047.31208399999,490.55485833333336,13014.722616799434
Río Negro,2022,133493.686761,845.8674583333333,14384.32320511704
Río Negro,2023,292194.998001,1975.006925,13484.510232453242
Río Negro,2024,882218.115053,6317.741325,12727.560023488868
Río Negro,2025,1200653.7588099998,8966.166533333333,12205.118676776212
Salta,2003,486.4705,7.653077498020883,5793.638867668981
Salta,2004,753.5684,7.991015812794148,8595.11538596071
Salta,2005,942.5349,8.761482615541864,9805.073631937152
Salta,2006,1146.9828,9.716291739580807,10759.38335831259
Salta,2007,1515.5809,11.106101241563518,12437.941738255384
Salta,2008,1854.5241,13.653147441222185,12380.287325727631
Salta,2009,1924.1819,15.910716092970967,11022.68563388387
Salta,2010,2545.9605,19.483390889436,11910.174937103044
Salta,2011,3937.8067,24.21800377386727,14819.961446547635
Salta,2012,4323.2321,29.88753368002769,13184.069880180574
Salta,2013,5681.5699,37.23351772253574,13908.0200412163
Salta,2014,7844.98825,51.93104780620227,13768.80454237871
Salta,2015,9675.9211,67.13852387024468,13135.649532800096
Salta,2016,12716.7624,91.14461668244357,12716.7624
Salta,2017,17870.8629,112.88710833333333,14428.865907304313
Salta,2018,32678.159997,151.581675,19649.0662002127
Salta,2019,48275.017322,232.75109166666667,18904.34935297087
Salta,2020,65576.865389,330.5416833333333,18082.373753415988
Salta,2021,106991.635514,490.55485833333336,19878.942062224833
Salta,2022,203840.772833,845.8674583333333,21964.421164427124
Salta,2023,444428.23548000003,1975.006925,20509.923612383976
Salta,2024,1337588.47401,6317.741325,19297.08458623796
Salta,2025,1868512.3476,8966.166533333333,18994.164457605817
San Juan,2003,429.023,7.653077498020883,5109.465687896695
San Juan,2004,664.5792,7.991015812794148,7580.114701080167
San Juan,2005,831.2305,8.761482615541864,8647.187767383399
San Juan,2006,1024.4113,9.716291739580807,9609.58951894254
San Juan,2007,1362.2524,11.106101241563518,11179.618312686951
San Juan,2008,1686.8723,13.653147441222185,11261.090516866843
San Juan,2009,1787.5409,15.910716092970967,10239.936982262354
San Juan,2010,2386.2993,19.483390889436,11163.269074789863
San Juan,2011,3472.7894,24.21800377386727,13069.865775783077
San Juan,2012,4042.3575,29.88753368002769,12327.518515758626
San Juan,2013,5278.7591,37.23351772253574,12921.972033742455
San Juan,2014,7261.76035,51.93104780620227,12745.176373303759
San Juan,2015,9168.1732,67.13852387024468,12446.35097440081
San Juan,2016,12076.801,91.14461668244357,12076.801
San Juan,2017,16777.943,112.88710833333333,13546.44658750054
San Juan,2018,28608.699407,151.581675,17202.13832730286
San Juan,2019,42107.5675425,232.75109166666667,16489.194854508623
San Juan,2020,57139.550901,330.5416833333333,15755.841779950855
San Juan,2021,93823.03165399999,490.55485833333336,17432.228242815312
San Juan,2022,178855.123784,845.8674583333333,19272.146644704742
San Juan,2023,391432.15639899997,1975.006925,18064.20696584097
San Juan,2024,1180203.45898,6317.741325,17026.526782659326
San Juan,2025,1610936.28388,8966.166533333333,16375.802250406861
San Luis,2003,289.6822,7.653077498020883,3449.9811462192656
San Luis,2004,448.7329,7.991015812794148,5118.196374710999
San Luis,2005,561.2582,8.761482615541864,5838.699423786333
San Luis,2006,692.1194,9.716291739580807,6492.493134443947
San Luis,2007,921.8055,11.106101241563518,7564.995773569972
San Luis,2008,1143.4004,13.653147441222185,7633.023200050031
San Luis,2009,1214.2726,15.910716092970967,6955.966659721108
San Luis,2010,1620.2448,19.483390889436,7579.614455499813
San Luis,2011,2344.8749,24.21800377386727,8824.952127532628
San Luis,2012,2743.1919,29.88753368002769,8365.600751425147
San Luis,2013,3583.3801,37.23351772253574,8771.822422900343
San Luis,2014,4927.50119,51.93104780620227,8648.298583168496
San Luis,2015,6448.2953,67.13852387024468,8753.951822199342
San Luis,2016,9964.2838,91.14461668244357,9964.2838
San Luis,2017,12926.62,112.88710833333333,10436.903223888427
San Luis,2018,20493.2894,151.581675,12322.419625758748
San Luis,2019,29203.7756,232.75109166666667,11436.109337584267
San Luis,2020,38346.5136,330.5416833333333,10573.789810513892
San Luis,2021,63043.2891,490.55485833333336,11713.381942525808
San Luis,2022,120691.1583,845.8674583333333,13004.814468082635
San Luis,2023,264832.3046,1975.006925,12221.748988497919
San Luis,2024,797971.7348,6317.741325,11512.156663326276
San Luis,2025,1084214.397,8966.166533333333,11021.466671265749
Santa Cruz,2003,200.72,7.653077498020883,2390.4824516975186
Santa Cruz,2004,310.9258,7.991015812794148,3546.384279744403
Santa Cruz,2005,388.8942,8.761482615541864,4045.6181156085504
Santa Cruz,2006,482.7114,9.716291739580807,4528.121087803385
Santa Cruz,2007,643.3561,11.106101241563518,5279.840679406295
Santa Cruz,2008,802.9141,13.653147441222185,5360.031317941895
Santa Cruz,2009,858.7938,15.910716092970967,4919.604576744297
Santa Cruz,2010,1151.1363,19.483390889436,5385.093252408876
Santa Cruz,2011,1624.757,24.21800377386727,6114.783668789125
Santa Cruz,2012,1931.625,29.88753368002769,5890.657358485056
Santa Cruz,2013,2518.7129,37.23351772253574,6165.60389255618
Santa Cruz,2014,3456.99792,51.93104780620227,6067.405985456989
Santa Cruz,2015,4531.192,67.13852387024468,6151.367860763927
Santa Cruz,2016,5958.223,91.14461668244357,5958.223
Santa Cruz,2017,8234.1566,112.88710833333333,6648.226339487211
Santa Cruz,2018,13670.89959159,151.581675,8220.181647812276
Santa Cruz,2019,20157.240842900002,232.75109166666667,7893.513954525239
Santa Cruz,2020,27323.785341,330.5416833333333,7534.347608157385
Santa Cruz,2021,44969.720952,490.55485833333336,8355.330517797829
Santa Cruz,2022,85401.034814,845.8674583333333,9202.203614432756
Santa Cruz,2023,187593.350831,1975.006925,8657.247646697062
Santa Cruz,2024,562364.016864,6317.741325,8113.097722162361
Santa Cruz,2025,773425.807934,8966.166533333333,7862.178171059064
Santa Fe,2003,1134.283,7.653077498020883,13508.786402744203
Santa Fe,2004,1757.064,7.991015812794148,20040.871964001766
Santa Fe,2005,2197.6692,8.761482615541864,22862.080040368175
Santa Fe,2006,2691.5697,9.716291739580807,25248.530525408412
Santa Fe,2007,3574.22,11.106101241563518,29332.607793953564
Santa Fe,2008,4401.5012,13.653147441222185,29383.19837446974
Santa Fe,2009,4622.705,15.910716092970967,26481.188703200634
Santa Fe,2010,6166.8137,19.483390889436,28848.770423391754
Santa Fe,2011,9181.6197,24.21800377386727,34555.086203409184
Santa Fe,2012,10472.2768,29.88753368002769,31936.113061288983
Santa Fe,2013,13720.7879,37.23351772253574,33587.37047210809
Santa Fe,2014,18927.27891,51.93104780620227,33219.42564169892
Santa Fe,2015,24611.0173,67.13852387024468,33410.94812136078
Santa Fe,2016,38350.4399,91.14461668244357,38350.4399
Santa Fe,2017,50540.5046,112.88710833333333,40806.20884629453
Santa Fe,2018,82124.96224,151.581675,49380.95718644719
Santa Fe,2019,117063.83226899999,232.75109166666667,45841.83920742458
Santa Fe,2020,153795.150483,330.5416833333333,42407.96469913229
Santa Fe,2021,252868.234084,490.55485833333336,46982.67252934166
Santa Fe,2022,482283.14126500004,845.8674583333333,51967.37575129738
Santa Fe,2023,1054780.52054,1975.006925,48677.07804554993
Santa Fe,2024,3178593.7971900003,6317.741325,45856.84951798424
Santa Fe,2025,4320356.60704,8966.166533333333,43918.12771000691
Santiago del Estero,2003,524.3614,7.653077498020883,6244.901978116497
Santiago del Estero,2004,812.2634,7.991015812794148,9264.583874261127
Santiago del Estero,2005,1015.9484,8.761482615541864,10568.785164611665
Santiago del Estero,2006,1244.0719,9.716291739580807,11670.137073898863
Santiago del Estero,2007,1649.2605,11.106101241563518,13535.012225481296
Santiago del Estero,2008,2029.0753,13.653147441222185,13545.542610924813
Santiago del Estero,2009,2131.1193,15.910716092970967,12208.127564344435
Santiago del Estero,2010,2834.8091,19.483390889436,13261.428169954574
Santiago del Estero,2011,4244.5203,24.21800377386727,15974.28009990658
Santiago del Estero,2012,4783.2981,29.88753368002769,14587.080903691238
Santiago del Estero,2013,6270.7407,37.23351772253574,15350.262139496115
Santiago del Estero,2014,8631.60245,51.93104780620227,15149.397708985378
Santiago del Estero,2015,10829.948,67.13852387024468,14702.311016823955
Santiago del Estero,2016,14280.2716,91.14461668244357,14280.2716
Santiago del Estero,2017,19927.0342,112.88710833333333,16089.010699201717
Santiago del Estero,2018,34968.025836,151.581675,21025.940707964888
Santiago del Estero,2019,51646.474326999996,232.75109166666667,20224.60161980942
Santiago del Estero,2020,70208.401711,330.5416833333333,19359.48833231707
Santiago del Estero,2021,115265.740522,490.55485833333336,21416.26274416986
Santiago del Estero,2022,219900.762666,845.8674583333333,23694.93059924674
Santiago del Estero,2023,481649.84791,1975.006925,22227.664220931376
Santiago del Estero,2024,1447822.60856,6317.741325,20887.40736490612
Santiago del Estero,2025,1976681.31319,8966.166533333333,20093.744625895608
Tierra del Fuego,2003,160.541,7.653077498020883,1911.9691275307462
Tierra del Fuego,2004,246.485,7.991015812794148,2811.3798507322304
Tierra del Fuego,2005,307.2887,8.761482615541864,3196.6862232499257
Tierra del Fuego,2006,381.4849,9.716291739580807,3578.556090385612
Tierra del Fuego,2007,507.5046,11.106101241563518,4164.946026105636
Tierra del Fuego,2008,633.3735,13.653147441222185,4228.2254053758315
Tierra del Fuego,2009,680.0014,15.910716092970967,3895.3914194915346
Tierra del Fuego,2010,911.4747,19.483390889436,4263.940123086558
Tierra del Fuego,2011,1270.7846,24.21800377386727,4782.606210423294
Tierra del Fuego,2012,1537.8708,29.88753368002769,4689.869899395224
Tierra del Fuego,2013,2004.8337,37.23351772253574,4907.669494465927
Tierra del Fuego,2014,2745.94573,51.93104780620227,4819.432335077037
Tierra del Fuego,2015,3688.1838,67.13852387024468,5006.933118682715
Tierra del Fuego,2016,4853.0132,91.14461668244357,4853.0132
Tierra del Fuego,2017,6682.3195,112.88710833333333,5395.279039114826
Tierra del Fuego,2018,10992.73066862,151.581675,6609.824195996724
Tierra del Fuego,2019,16174.234302930001,232.75109166666667,6333.780757444717
Tierra del Fuego,2020,21834.6657702,330.5416833333333,6020.760292453738
Tierra del Fuego,2021,35998.549148,490.55485833333336,6688.495501534849
Tierra del Fuego,2022,68206.211115,845.8674583333333,7349.412613280476
Tierra del Fuego,2023,150051.545386,1975.006925,6924.730447117422
Tierra del Fuego,2024,447089.558497,6317.741325,6450.059338561476
Tierra del Fuego,2025,621109.2609039999,8966.166533333333,6313.820437368659
Tucumán,2003,603.8102,7.653077498020883,7191.100474571389
Tucumán,2004,935.3336,7.991015812794148,10668.308565441466
Tucumán,2005,1169.8799,8.761482615541864,12170.115462062224
Tucumán,2006,1431.4771,9.716291739580807,13428.109721911756
Tucumán,2007,1893.8784,11.106101241563518,15542.521813609768
Tucumán,2008,2327.6742,13.653147441222185,15538.905855514739
Tucumán,2009,2423.5212,15.910716092970967,13883.153310325286
Tucumán,2010,3223.7682,19.483390889436,15081.00507398673
Tucumán,2011,4887.6295,24.21800377386727,18394.625809085268
Tucumán,2012,5451.1395,29.88753368002769,16623.720964371216
Tucumán,2013,7171.3374,37.23351772253574,17554.849458337914
Tucumán,2014,9900.57985,51.93104780620227,17376.5905654305
Tucumán,2015,12366.401,67.13852387024468,16788.139117635907
Tucumán,2016,16273.3574,91.14461668244357,16273.3574
Tucumán,2017,22773.8285,112.88710833333333,18387.501457607024
Tucumán,2018,40198.860964,151.581675,24171.19202327474
Tucumán,2019,59343.531102,232.75109166666667,23238.74554633972
Tucumán,2020,80587.53471499999,330.5416833333333,22221.463528926954
Tucumán,2021,132098.530462,490.55485833333336,24543.778781805122
Tucumán,2022,252697.029736,845.8674583333333,27228.821353951997
Tucumán,2023,551331.96774,1975.006925,25443.425148719234
Tucumán,2024,1658722.01496,6317.741325,23930.005117178433
Tucumán,2025,2281215.6887,8966.166533333333,23189.456580307327
