anio,coparticipacion_nominal_pesos,coparticipacion_real_base2016_pesos,ingresos_totales_pesos,ingresos_totales_real_base2016_pesos,ratio_coparticipacion_ingresos
2015,23673039600.0,32137586525.14211,65784607146.0,89306592642.92604,0.3598568210259416
2016,35701379600.0,35701379600.0,92015332106.45,92015332106.45,0.3879938134516328
2017,47944221500.0,42470944829.61702,122164097929.55,108217935363.19803,0.39245754122990073
2018,78784378009.0,51974869659.54163,164096321508.56,108256041839.1999,0.4801105672858746
2019,112061894457.0,48146667607.25182,227060829083.40002,97555215512.62328,0.4935324816234128
2020,147450508703.0,44608748650.409744,306271985195.64,92657598311.67235,0.4814364872739234
2021,242371147170.0,49407552091.82092,503143900713.6399,102566286352.37209,0.48171337628505506
2022,463607280609.0,54808501738.85103,898280022032.5198,106196309266.04723,0.5161055230416962
2023,1014210323570.0,51352241388.723236,1965302032665.5198,99508614769.31378,0.5160582478991469
2024,3069566481470.0,48586453980.3709,5945371112252.42,94105959810.76228,0.516295185534194
2025,4151853424590.0,46305780839.05469,8936027170277.15,99663854525.29648,0.46461960617127696
